POS,,,
step,mm,VL,VD
230000,58.42,0.4,0
232000,58.928,0,0.2
234000,59.436,0.6,0.2
236000,59.944,0.2,0.2
238000,60.452,0,0.2
240000,60.96,0,0.2
242000,61.468,0,0.2
244000,61.976,0.4,0.4
246000,62.484,0,0.2
248000,62.992,0.6,0.2
250000,63.5,1.8,1.2
252000,64.008,3.8,4
254000,64.516,10.4,6.8
256000,65.024,30.4,25.4
258000,65.532,53,52.2
260000,66.04,98,111.6
262000,66.548,147,153.6
264000,67.056,188,200.6
266000,67.564,199.6,199
268000,68.072,191.2,193.2
270000,68.58,151.2,151
272000,69.088,118.2,105.2
274000,69.596,78,71
276000,70.104,42.6,34.4
278000,70.612,13.4,15.8
280000,71.12,5,4.2
282000,71.628,1,2.4
284000,72.136,0.2,0.4
286000,72.644,0,0
288000,73.152,0,0
290000,73.66,0,0
292000,74.168,0,0
294000,74.676,0.2,0
296000,75.184,0,0
298000,75.692,0.2,0.2
300000,76.2,0.2,0
302000,76.708,0,0
304000,77.216,0.2,0.4
306000,77.724,0.4,0
308000,78.232,0.4,0
310000,78.74,0,0
312000,79.248,0,0
314000,79.756,0.4,0
316000,80.264,0.2,0.2
318000,80.772,0,0
320000,81.28,0,0
322000,81.788,0,0
324000,82.296,0,0
326000,82.804,0,0
328000,83.312,0,0
330000,83.82,0,0
332000,84.328,0,0
334000,84.836,0,0
336000,85.344,0,0
338000,85.852,0,0
340000,86.36,0,0
342000,86.868,0,0
344000,87.376,0,0
346000,87.884,0,0
348000,88.392,0,0
350000,88.9,0,0
352000,89.408,0,0
354000,89.916,0.2,0.2
356000,90.424,0,0.2
358000,90.932,0,0
360000,91.44,0,0
362000,91.948,0,0
364000,92.456,0.2,0
366000,92.964,0.4,0
368000,93.472,0,0
370000,93.98,0.2,0.2
372000,94.488,0.2,0.4
374000,94.996,0.6,0.6
376000,95.504,0.4,1
378000,96.012,2,2.2
380000,96.52,5.8,4.6
382000,97.028,16,16.4
384000,97.536,27.2,31.4
386000,98.044,54.4,52.6
388000,98.552,88.8,87.8
390000,99.06,99.8,103.6
392000,99.568,96.8,92.6
394000,100.076,83.4,81.8
396000,100.584,63.2,63.2
398000,101.092,45.8,44.6
400000,101.6,28.2,24
402000,102.108,9.6,6.4
404000,102.616,3,2.4
406000,103.124,0.2,0.4
408000,103.632,0,0.4
410000,104.14,0,0
412000,104.648,0,0.2
414000,105.156,0,0.4
416000,105.664,0,0.2
418000,106.172,0,0.2
420000,106.68,0.2,0
422000,107.188,0,0
424000,107.696,0.2,0.2
426000,108.204,0.2,0.2
428000,108.712,0.2,0.2
430000,109.22,0.2,0
432000,109.728,0,0.4
434000,110.236,0.4,0
436000,110.744,0,0
438000,111.252,0.2,0.4
440000,111.76,0,0.2
442000,112.268,0,0.4
444000,112.776,0.4,0
446000,113.284,0,0
448000,113.792,0,0
450000,114.3,0,0
452000,114.808,0,0
454000,115.316,0,0
456000,115.824,0,0
458000,116.332,0,0
460000,116.84,0,0
462000,117.348,0,0
464000,117.856,0,0
466000,118.364,0.2,0.2
468000,118.872,0,0
470000,119.38,0.4,0.2
472000,119.888,0,0.2
474000,120.396,0,0.4
476000,120.904,0.2,0
478000,121.412,0,0.2
480000,121.92,0,0.2
482000,122.428,0.2,0.4
484000,122.936,0.2,0
486000,123.444,0.2,0
488000,123.952,0.6,0.2
490000,124.46,0,0.2
492000,124.968,0.2,1.2
494000,125.476,0.6,0.2
496000,125.984,1.2,1.2
498000,126.492,3.2,5.2
500000,127,9.6,12.6
502000,127.508,27.6,34.6
504000,128.016,63.2,74
506000,128.524,112.4,120.4
508000,129.032,171,180.6
510000,129.54,183,182.6
512000,130.048,163.2,149
514000,130.556,135.4,138
516000,131.064,96.4,93.2
518000,131.572,63.4,55.6
520000,132.08,29.8,25.6
522000,132.588,9,7.2
524000,133.096,2.6,0.8
526000,133.604,0.2,1
528000,134.112,0.4,0
530000,134.62,0.2,0.4
532000,135.128,0,0.2
534000,135.636,0.4,0.2
536000,136.144,0,0.2
538000,136.652,0,0
540000,137.16,0.2,0.4
542000,137.668,0.2,0.2
544000,138.176,0,0
546000,138.684,0.2,0.4
548000,139.192,0,0
550000,139.7,0,0.2
552000,140.208,0,0
554000,140.716,0.8,0.2
556000,141.224,0.2,0
558000,141.732,0,0
560000,142.24,0,0
562000,142.748,0,0
564000,143.256,0,0
566000,143.764,0,0
568000,144.272,0,0
570000,144.78,0,0
572000,145.288,0,0
574000,145.796,0,0
576000,146.304,0,0
578000,146.812,0.2,0.2
580000,147.32,0,0
582000,147.828,0.2,0
584000,148.336,0,0
586000,148.844,0,0
588000,149.352,0,0.2
590000,149.86,0.2,0
592000,150.368,0.2,0
594000,150.876,0.2,0.2
596000,151.384,0,0.2
598000,151.892,0,0
600000,152.4,0,0.4
602000,152.908,0.2,0
604000,153.416,0.4,0.2
606000,153.924,0,0
608000,154.432,0.2,0.2
610000,154.94,0.2,0
612000,155.448,0,0.4
614000,155.956,0.6,0.2
616000,156.464,1.2,0.2
618000,156.972,2.2,1.4
620000,157.48,4.8,3.8
622000,157.988,14,14.4
624000,158.496,41.4,42.8
626000,159.004,125.6,123.2
628000,159.512,281.8,271.8
630000,160.02,433.6,452.8
632000,160.528,662.6,688.6
634000,161.036,644.4,625
636000,161.544,543,541.8
638000,162.052,387.8,386.4
640000,162.56,251.4,237
642000,163.068,139,123.6
644000,163.576,45.8,38.2
646000,164.084,12.6,9.2
648000,164.592,1.8,1.8
650000,165.1,0.6,0.6
652000,165.608,0.2,0.4
654000,166.116,0,0.2
656000,166.624,0.2,0.4
658000,167.132,0.2,0
660000,167.64,0,0
662000,168.148,0,0
664000,168.656,0,0
666000,169.164,0.2,0.4
668000,169.672,0.2,0
670000,170.18,0,0.2
672000,170.688,0,0
674000,171.196,0,0
676000,171.704,0,0
678000,172.212,0.2,0
680000,172.72,0,0.2
682000,173.228,0,0
684000,173.736,0,0
686000,174.244,0.2,0
688000,174.752,0,0
690000,175.26,0,0
692000,175.768,0.2,0
694000,176.276,0.2,0.4
696000,176.784,0,0
698000,177.292,0,0
700000,177.8,0.4,0
702000,178.308,0.4,0
704000,178.816,0,0
706000,179.324,0.2,0
708000,179.832,0.4,0
710000,180.34,0,0.2
712000,180.848,0.4,0.2
714000,181.356,0,0.4
716000,181.864,0,0
718000,182.372,0,0.2
720000,182.88,0,0
722000,183.388,0.4,0
724000,183.896,0,0.4
726000,184.404,0,0.2
728000,184.912,0.2,0
730000,185.42,0,0.2
732000,185.928,0,0
734000,186.436,0.4,0
736000,186.944,0.2,0.2
738000,187.452,1,1
740000,187.96,1.4,1.2
742000,188.468,3.6,2
744000,188.976,7.6,8.2
746000,189.484,22.2,27.4
748000,189.992,64,66.4
750000,190.5,173.8,169.2
752000,191.008,326,301.2
754000,191.516,510.4,526.8
756000,192.024,621.8,614.6
758000,192.532,499.6,508.2
760000,193.04,421.2,412.6
